{"cameraMode":{"drawMode":0,"name":"Shaded","section":"Shading Mode"},"sceneLighting":false,"audioPlay":false,"sceneViewState":{"m_AlwaysRefresh":false,"showFog":true,"showSkybox":false,"showFlares":true,"showImageEffects":true,"showParticleSystems":true,"showVisualEffectGraphs":true,"m_FxEnabled":true},"in2DMode":false,"pivot":{"x":0.3727130591869354,"y":0.35527366399765017,"z":0.4371825158596039},"rotation":{"x":0.08077695965766907,"y":-0.8918947577476502,"z":0.17647314071655274,"w":0.4086386263370514},"size":0.07313275337219238,"orthographic":false}